"id","username","quiz_name","category","quiz_time","grade"
"2905","pmb1","COM1","CO","2024-07-30 06:55:29","1"
"2906","pmb1","COM2","CO","2024-12-08 17:01:39","2"
"2907","pmb1","COM3","CO","2024-08-06 12:16:03","3"
"2908","pmb1","COM4","CO","2025-03-20 15:58:10","4"
"2909","pmb1","COM5","CO","2024-07-29 17:48:15","5"
"2910","pmb1","AS1","AS","2024-07-30 06:56:37","1"
"2911","pmb1","AS2","AS","2024-12-08 17:06:07","2"
"2912","pmb1","AS3","AS","2024-08-06 12:23:30","3"
"2913","pmb1","MD2","MD","2024-12-08 17:07:37","2"
"2914","pmb1","ME","ME","2024-07-06 07:42:06","4"
"2915","pmb1","COM6","CO","2024-11-17 08:21:59","6"
"2916","pmb1","MD6","MD","2024-11-16 13:44:59","6"
"2917","pmb1","FR6","FR","2024-11-17 13:41:21","6"
"2918","pmb1","FOR6","FO","2024-11-17 13:45:21","6"
"2919","pmb1","EXP6","EX","2024-11-16 18:43:42","6"
"2920","pmb1","EXP7","EX","2024-11-16 18:51:16","7"
"2921","pmb1","AP8","AP","2024-11-16 17:46:24","8"
"2922","pmb1","EXP8","EX","2024-11-16 19:05:58","8"
"2923","pmb1","LE6","LE","2024-11-16 18:12:03","6"
"2924","pmb1","LI6","LI","2024-11-16 17:55:02","6"
"2925","pmb1","OMS6","OM","2024-11-17 13:51:21","6"
"2926","pmb1","GMS7","GM","2024-12-02 08:05:03","7"
"2927","pmb1","GMS8","GM","2024-12-02 08:07:59","8"
"2928","pmb1","MF2","MF","2024-12-08 17:11:05","2"
"2929","pmb1","MF3","MF","2024-12-07 17:02:12","3"
"2930","AyaA2","COM1","CO","2024-10-09 09:49:45","1"
"2931","AyaA2","COM2","CO","2024-07-31 12:52:12","2"
"2932","AyaA2","COM3","CO","2025-01-31 09:29:32","3"
"2933","AyaA2","AS1","AS","2024-11-19 12:59:59","1"
"2934","AyaA2","AS3","AS","2024-12-18 10:17:07","3"
"2935","AyaA2","MD2","MD","2024-07-31 12:39:16","2"
"2936","AyaA2","FR3","FR","2024-08-29 12:18:58","3"
"2937","AyaA2","LG3","LG","2024-08-28 12:30:13","3"
"2938","AyaA2","COM6","CO","2025-02-18 14:35:09","6"
"2939","AyaA2","MF3","MF","2024-12-12 14:50:35","3"
"2940","CharlotteC14","COM1","CO","2024-12-10 14:18:10","1"
"2941","CharlotteC14","COM2","CO","2024-08-21 12:40:19","2"
"2942","CharlotteC14","COM3","CO","2025-01-07 14:00:18","3"
"2943","CharlotteC14","AS1","AS","2024-12-10 14:22:42","1"
"2944","CharlotteC14","AS2","AS","2024-12-10 14:39:02","2"
"2945","CharlotteC14","AS3","AS","2025-01-16 13:56:59","3"
"2946","CharlotteC14","MD2","MD","2024-08-28 12:32:03","2"
"2947","CharlotteC14","MD3","MD","2025-01-28 15:06:53","3"
"2948","CharlotteC14","FR3","FR","2025-02-25 15:30:32","3"
"2949","CharlotteC14","LG3","LG","2024-12-17 14:31:30","3"
"2950","CharlotteC14","MF2","MF","2024-12-10 14:52:50","2"
"2951","CharlotteC14","MF3","MF","2025-03-11 14:23:56","3"
"2952","CyrusC3","COM1","CO","2024-08-29 13:42:36","1"
"2953","CyrusC3","COM2","CO","2024-07-31 11:38:43","2"
"2954","CyrusC3","COM3","CO","2024-08-20 11:46:02","3"
"2955","CyrusC3","COM4","CO","2024-11-26 15:17:11","4"
"2956","CyrusC3","AS","AS","2025-01-13 11:13:26","4"
"2957","CyrusC3","AS1","AS","2024-08-29 13:48:11","1"
"2958","CyrusC3","AS2","AS","2024-08-28 12:50:34","2"
"2959","CyrusC3","AS3","AS","2024-10-03 10:01:01","3"
"2960","CyrusC3","MD2","MD","2024-08-06 12:10:39","2"
"2961","CyrusC3","MD3","MD","2024-10-02 09:45:36","3"
"2962","CyrusC3","FR3","FR","2024-08-21 11:37:16","3"
"2963","CyrusC3","LG3","LG","2024-08-28 12:26:23","3"
"2964","CyrusC3","LG","LG","2024-11-26 15:35:29","4"
"2965","CyrusC3","COM6","CO","2024-11-19 14:00:28","6"
"2966","CyrusC3","LE6","LE","2024-11-21 15:06:47","6"
"2967","CyrusC3","LI6","LI","2024-11-21 17:21:15","6"
"2968","CyrusC3","MF3","MF","2024-12-18 11:11:06","3"
"2969","FoxF2","COM1","CO","2025-03-06 14:58:59","1"
"2970","FoxF2","COM2","CO","2024-11-05 12:31:49","2"
"2971","FoxF2","COM3","CO","2024-08-20 12:35:11","3"
"2972","FoxF2","COM4","CO","2025-01-23 15:40:23","4"
"2973","FoxF2","AS1","AS","2025-03-06 15:01:13","1"
"2974","FoxF2","AS2","AS","2024-11-25 10:41:36","2"
"2975","FoxF2","MD2","MD","2024-08-07 11:40:05","2"
"2976","FoxF2","FR3","FR","2024-08-29 12:12:48","3"
"2977","FoxF2","ME","ME","2025-02-04 15:16:53","4"
"2978","FoxF2","LG3","LG","2024-12-18 10:15:03","3"
"2979","FoxF2","COM6","CO","2024-11-19 14:03:07","6"
"2980","FoxF2","MF2","MF","2024-12-10 15:15:19","2"
"2981","IyanaI","COM1","CO","2024-08-06 11:43:08","1"
"2982","IyanaI","COM2","CO","2024-08-20 11:45:35","2"
"2983","IyanaI","AS2","AS","2024-12-18 10:53:55","2"
"2984","IyanaI","MD2","MD","2024-12-17 15:27:03","2"
"2985","KnoxK2","COM1","CO","2024-08-21 12:30:18","1"
"2986","KnoxK2","COM2","CO","2024-07-31 12:32:49","2"
"2987","KnoxK2","COM3","CO","2024-08-07 12:06:01","3"
"2988","KnoxK2","COM5","CO","2024-11-05 12:14:35","5"
"2989","KnoxK2","AS","AS","2024-08-21 12:21:17","4"
"2990","KnoxK2","AS1","AS","2024-10-21 17:46:27","1"
"2991","KnoxK2","AS2","AS","2024-07-31 12:48:39","2"
"2992","KnoxK2","AS3","AS","2024-08-07 12:19:18","3"
"2993","KnoxK2","MD2","MD","2024-07-31 12:54:14","2"
"2994","KnoxK2","MD3","MD","2024-08-13 11:35:40","3"
"2995","KnoxK2","FR3","FR","2024-08-13 11:55:15","3"
"2996","KnoxK2","DEC","DE","2024-12-12 15:05:27","4"
"2997","KnoxK2","AP","AP","2024-10-03 09:19:21","4"
"2998","KnoxK2","LG3","LG","2024-08-13 11:46:43","3"
"2999","KnoxK2","LG","LG","2024-12-17 14:22:03","4"
"3000","KnoxK2","LG5","LG","2024-10-10 11:33:01","5"
"3001","KnoxK2","COM6","CO","2024-11-19 13:58:41","6"
"3002","KnoxK2","MD6","MD","2024-11-20 11:35:03","6"
"3003","KnoxK2","PRO6","PR","2024-11-20 11:59:05","6"
"3004","KnoxK2","EXP6","EX","2024-11-21 13:56:52","6"
"3005","KnoxK2","LE6","LE","2024-12-04 12:25:22","6"
"3006","KnoxK2","MF2","MF","2024-12-18 09:41:30","2"
"3007","KnoxK2","MF3","MF","2024-12-10 14:19:41","3"
"3008","OamirO","COM1","CO","2024-12-18 09:58:01","1"
"3009","OamirO","COM2","CO","2024-11-21 14:14:44","2"
"3010","OamirO","AS1","AS","2024-08-29 12:13:10","1"
"3011","OamirO","MD2","MD","2024-11-14 11:08:14","2"
"3012","OarielO","COM1","CO","2024-07-31 11:49:59","1"
"3013","OarielO","COM2","CO","2024-07-31 12:05:55","2"
"3014","OarielO","COM3","CO","2024-08-29 13:14:44","3"
"3015","OarielO","COM4","CO","2025-04-01 15:10:35","4"
"3016","OarielO","AS1","AS","2024-07-31 11:38:22","1"
"3017","OarielO","AS2","AS","2024-08-28 12:45:50","2"
"3018","OarielO","AS3","AS","2024-11-19 12:39:58","3"
"3019","OarielO","MD2","MD","2024-07-31 11:59:27","2"
"3020","OarielO","MD3","MD","2024-11-19 12:47:41","3"
"3021","OarielO","FR3","FR","2024-11-21 15:22:36","3"
"3022","OarielO","LG3","LG","2024-08-07 11:17:21","3"
"3023","PaytonP4","COM1","CO","2024-10-16 13:22:48","1"
"3024","PaytonP4","COM2","CO","2024-08-07 12:12:30","2"
"3025","PaytonP4","COM3","CO","2025-01-23 14:10:51","3"
"3026","PaytonP4","AS1","AS","2024-11-20 11:13:47","1"
"3027","PaytonP4","MD2","MD","2024-08-06 12:16:04","2"
"3028","PaytonP4","LG3","LG","2025-01-28 15:34:07","3"
"3029","gr1","COM1","CO","2025-03-11 14:33:22","1"
"3030","gr1","AS1","AS","2024-07-27 16:37:47","1"
"3031","jaydenb","MD2","MD","2024-12-01 20:06:55","2"
"3032","guest","COM1","CO","2025-03-20 07:52:45","1"
"3033","guest","COM2","CO","2025-04-06 07:31:36","2"
"3034","guest","AS1","AS","2025-04-05 17:19:05","1"
"3035","guest","AS2","AS","2025-04-06 14:23:01","2"
"3036","guest","MD2","MD","2025-04-06 08:13:48","2"
"3037","PaytonP4","FR3","FR","2025-04-08 14:33:31","3"
